{"schema":5,"addons":[{"id":"{e2fda1a4-762b-4020-b5ad-a41df1933103}","icons":{"32":"https://addons.cdn.mozilla.net/user-media/addon_icons/2/2313-32.png?modified=1492690820","64":"https://addons.cdn.mozilla.net/user-media/addon_icons/2/2313-64.png?modified=1492690820"},"name":"Lightning","type":"extension","version":"5.4","repositoryStatus":4,"creator":{"name":"Mozilla Calendar Project","url":"https://addons.mozilla.org/es/thunderbird/user/mozilla-calendar-project/?src=api"},"description":"Gestiona tu agenda diaria desde dentro de Thunderbird. Permite gestionar calendarios locales o suscribirse a calendarios de red.\nLightning 1.0 beta2 es la última versión estable y contiene 110 correcciones y mejoras respecto de la versión 1.0b1.","fullDescription":"Convierte Thunderbird en un gestor de información personal completo con Lightning. Te permite administrar su agenda diaria (eventos y tareas) directamente desde dentro de Thunderbird.\n\nLightning 1.0 beta2 es la última versión estable generada para Thunderbird 3.1 y contiene 110 correcciones de fallos y mejoras respecto de la versión 1.0b1, que mejoran la estabilidad, rendimiento y consumo de memoria del complemento.","isPlatformCompatible":true,"eula":null,"screenshots":[{"url":"https://addons.cdn.mozilla.net/user-media/previews/full/18/18246.png?src=api&modified=1331218902","width":"700","height":"499","thumbnailURL":"https://addons.cdn.mozilla.net/user-media/previews/thumbs/18/18246.png?src=api&modified=1331218902","thumbnailWidth":"200","thumbnailHeight":"142","caption":"Lightning in calendar mode - showing the week view"},{"url":"https://addons.cdn.mozilla.net/user-media/previews/full/18/18247.png?src=api&modified=1331218902","width":"700","height":"499","thumbnailURL":"https://addons.cdn.mozilla.net/user-media/previews/thumbs/18/18247.png?src=api&modified=1331218902","thumbnailWidth":"200","thumbnailHeight":"142","caption":"Lightning in calendar mode - showing the multiweek view and the today pane"}],"averageRating":3,"learnmoreURL":"https://addons.mozilla.org/es/thunderbird/addon/lightning/?src=api","homepageURL":"http://www.mozilla.org/projects/calendar/","sourceURI":"https://addons.mozilla.org/thunderbird/downloads/file/633791/lightning-5.4-sm+tb-linux.xpi?src=api","size":4935148,"contributionURL":"https://addons.mozilla.org/es/thunderbird/addon/lightning/developers?src=api","contributionAmount":"10,00 $","developerComments":"Asegúrese de leer las notas de la versión (enlazadas desde la página principal indicada aquí) antes de instalar. No hacerlo puede dar lugar a la pérdida de datos.","reviewURL":"https://addons.mozilla.org/es/thunderbird/addon/lightning/reviews/?src=api","reviewCount":1839,"totalDownloads":24038398,"weeklyDownloads":13829,"dailyUsers":5203465,"updateDate":1492687843000,"supportURL":"https://groups.google.com/forum/#!forum/mozilla.support.calendar"}]}