{"nextId":3,"logins":[{"id":1,"hostname":"mailbox://pop-mail.outlook.com","httpRealm":"mailbox://pop-mail.outlook.com","formSubmitURL":null,"usernameField":"","passwordField":"","encryptedUsername":"MFoEEPgAAAAAAAAAAAAAAAAAAAEwFAYIKoZIhvcNAwcECEC5ihkDjVbqBDAKkhecnUEtZaFjiSy7qXYjI+m0ep6xwoIjbv2R0NrUIRW0VeM7ucsG721o8wv7rac=","encryptedPassword":"MDoEEPgAAAAAAAAAAAAAAAAAAAEwFAYIKoZIhvcNAwcECDFDNW8XwUwBBBC/gcVCew+fkTj55XAU3Pgg","guid":"{392cc217-84c8-48b0-b694-45f3b1d9992d}","encType":1,"timeCreated":1503050889404,"timeLastUsed":1503050889404,"timePasswordChanged":1503050889404,"timesUsed":1},{"id":2,"hostname":"smtp://smtp-mail.outlook.com","httpRealm":"smtp://smtp-mail.outlook.com","formSubmitURL":null,"usernameField":"","passwordField":"","encryptedUsername":"MFoEEPgAAAAAAAAAAAAAAAAAAAEwFAYIKoZIhvcNAwcECA4eS7FfrHVvBDAJaxSuUxqZsO5wH+YxSbs3uEQKXvPB2g1LZ2hjuVpFJ+/d4pdQm5ysk8npUvOam04=","encryptedPassword":"MDoEEPgAAAAAAAAAAAAAAAAAAAEwFAYIKoZIhvcNAwcECAzgm4wz5WyVBBAEfKup5o/1WLYqaaML66jx","guid":"{62edd032-b381-4b2c-8e0c-100e9842471e}","encType":1,"timeCreated":1503050889414,"timeLastUsed":1503050889414,"timePasswordChanged":1503050889414,"timesUsed":1}],"disabledHosts":[],"version":2}