{"chrome://messenger/content/messenger.xul":{"mail-toolbar-menubar2":{"autohide":"true"},"unifinder-search-results-tree-col-title":{"ordinal":"1"},"unifinder-search-results-tree-col-startdate":{"ordinal":"3"},"unifinder-search-results-tree-col-enddate":{"ordinal":"5"},"unifinder-search-results-tree-col-categories":{"ordinal":"7"},"unifinder-search-results-tree-col-location":{"ordinal":"9"},"unifinder-search-results-tree-col-status":{"ordinal":"11"},"unifinder-search-results-tree-col-calendarname":{"ordinal":"13"},"qfb-boolean-mode":{"value":"OR"},"header-view-toolbox":{"mode":"full","iconsize":"small","labelalign":"end"},"header-view-toolbar":{"iconsize":"small"},"attachment-view-toolbox":{"mode":"full","iconsize":"small","labelalign":"end"},"attachment-view-toolbar":{"iconsize":"small"},"todo-tab-panel":{"collapsed":"true"},"today-minimonth-box":{"collapsed":"true"},"today-none-box":{"collapsed":"true"},"today-pane-splitter":{"hidden":"true"},"messengerWindow":{"sizemode":"maximized","screenX":"170","screenY":"80","width":"1024","height":"451"},"unifinder-todo-tree":{"ordinals":"1 3 5 7 9 11 13 15 17 19 21 23","widths":"0 0 0 0 0 0 0 0 0 0 0 0"},"calendar-task-tree":{"visible-columns":"completed priority title","ordinals":"1 3 5 7 9 11 13 15 17 19 21 23","widths":"0 0 0 0 0 0 0 0 0 0 0 0"},"today-pane-panel":{"collapsedinmodes":","},"displayDeck":{"height":"159"},"messagepaneboxwrapper":{"height":"318"},"folderPane-toolbar":{"collapsed":"false"}},"chrome://messenger/content/addressbook/addressbook.xul":{"GeneratedName":{"ordinal":"1","sortDirection":"ascending"},"PrimaryEmail":{"ordinal":"3"},"ChatName":{"ordinal":"5"},"Company":{"ordinal":"7"},"NickName":{"ordinal":"9"},"SecondEmail":{"ordinal":"11"},"Department":{"ordinal":"13"},"JobTitle":{"ordinal":"15"},"CellularNumber":{"ordinal":"17"},"PagerNumber":{"ordinal":"19"},"FaxNumber":{"ordinal":"21"},"HomePhone":{"ordinal":"23"},"WorkPhone":{"ordinal":"25"},"addrbook":{"ordinal":"27"},"addressbookWindow":{"screenX":"50","screenY":"27","width":"860","height":"613","sizemode":"normal"}},"chrome://messenger/content/messengercompose/messengercompose.xul":{"msgcomposeWindow":{"screenX":"50","screenY":"27","width":"860","height":"613","sizemode":"normal"}},"chrome://messenger/content/AccountManager.xul":{"accountManager":{"screenX":"203","screenY":"0","width":"960","height":"613"}},"chrome://messenger/content/am-archiveoptions.xul":{"archive-options":{"width":"350","height":"350"}}}